epoch,accuracy,loss,val_accuracy,val_loss
0,0.9747893810272217,0.06668925285339355,NA,NA
