epoch,accuracy,loss,val_accuracy,val_loss
0,0.9743505716323853,0.06728599220514297,NA,NA
