epoch,accuracy,loss,val_accuracy,val_loss
0,0.8162940740585327,0.5341464877128601,NA,NA
