epoch,accuracy,loss,val_accuracy,val_loss
0,0.9747034311294556,0.06625606119632721,NA,NA
