epoch,accuracy,loss,val_accuracy,val_loss
0,0.9495712518692017,0.13013099133968353,NA,NA
