epoch,accuracy,loss,val_accuracy,val_loss
0,0.9298466444015503,0.18202799558639526,NA,NA
1,0.9696600437164307,0.07922086864709854,NA,NA
2,0.9739800095558167,0.06827627867460251,NA,NA
3,0.9750145077705383,0.06579313427209854,NA,NA
4,0.9757960438728333,0.06455724686384201,NA,NA
5,0.9752016663551331,0.06563233584165573,NA,NA
6,0.974332869052887,0.06765899062156677,NA,NA
7,0.9741052389144897,0.06829579174518585,NA,NA
8,0.9682208895683289,0.08185441046953201,NA,NA
