epoch,accuracy,loss,val_accuracy,val_loss
0,0.9674671292304993,0.0865878239274025,NA,NA
