epoch,accuracy,loss,val_accuracy,val_loss
0,0.9728481769561768,0.07162389159202576,NA,NA
1,0.9837531447410583,0.044389013200998306,NA,NA
