epoch,accuracy,loss,val_accuracy,val_loss
0,0.8146222829818726,0.5378578305244446,NA,NA
