epoch,accuracy,loss,val_accuracy,val_loss
0,0.8916101455688477,0.3062432110309601,NA,NA
1,0.9253777861595154,0.204904243350029,NA,NA
2,0.9335331320762634,0.18500091135501862,NA,NA
3,0.9386339783668518,0.17280228435993195,NA,NA
4,0.9414998888969421,0.1651136577129364,NA,NA
5,0.9426336884498596,0.16177013516426086,NA,NA
