epoch,accuracy,loss,val_accuracy,val_loss
0,0.9584578275680542,0.12117648124694824,NA,NA
