epoch,accuracy,loss,val_accuracy,val_loss
0,0.8834145665168762,0.3329242467880249,NA,NA
1,0.9215263724327087,0.21692116558551788,NA,NA
2,0.9316627383232117,0.19187478721141815,NA,NA
3,0.9353004097938538,0.18196159601211548,NA,NA
4,0.936514675617218,0.1781340390443802,NA,NA
5,0.9386414885520935,0.17280413210391998,NA,NA
