epoch,accuracy,loss,val_accuracy,val_loss
0,0.9691554307937622,0.08233333379030228,NA,NA
