epoch,accuracy,loss,val_accuracy,val_loss
0,0.8847118020057678,0.33487993478775024,NA,NA
1,0.9077925682067871,0.26030588150024414,NA,NA
2,0.9103693962097168,0.2527436912059784,NA,NA
3,0.9098892211914062,0.25427767634391785,NA,NA
