epoch,accuracy,loss,val_accuracy,val_loss
0,0.8139686584472656,0.5379279255867004,NA,NA
