epoch,accuracy,loss,val_accuracy,val_loss
0,0.9785706996917725,0.057121213525533676,NA,NA
